{
    "default": {
        "mode": "Mode",
        "exit": "Exit",
        "save": "Save",
        "load": "Load Kernel Module",
        "unload": "Unload Kernel Module",
        "status_kernel_module_is_loaded": "The Kernelmodule is loaded",
        "status_kernel_module_is_not_loaded": "The Kernelmodule is not loaded",
        "brightness": "Brightness",
        "backlight_colors": "Backlight Colors",
        "light_on": "Light on",
        "black": "Black",
        "red": "Red",
        "green": "Green",
        "yellow": "Yellow",
        "blue": "Blue",
        "magenta": "Magenta",
        "cyan": "Cyan",
        "white": "White",
        "random_color": "Random Color",
        "custom": "Custom",
        "breathe": "Breathe",
        "cycle": "Cycle",
        "wave": "Wave",
        "dance": "Dance",
        "tempo": "Tempo",
        "flash": "Flash",
        "keyboard_on": "Keyboard Birghtness on",
        "keyboard_off": "Keyboard Birghtness off",
        "left_region": "Left Keyboard Region",
        "middle_region": "Middle Keyboard Region",
        "right_region": "Right Keyboard Region",
        "activate_automatic_start": "Activate automatic Start",
        "deactivate_automatic_start": "Deactivate automatic Start",
        "set_as_default": "Set as default",
        "header_mode": "Mode",
        "header_slider": "Keyboard Brightness",
        "header_state": "Keyboard State",
        "header_color": "Keyboard Colors"
    },
    "de": {
        "mode": "Modus",
        "exit": "Beenden",
        "save": "Speichern",
        "load": "Lade Kernel Module",
        "unload": "Entlade Kernel Module",
        "status_kernel_module_is_loaded": "Das Kernelmodul ist geladen",
        "status_kernel_module_is_not_loaded": "Das Kernelmodul ist nicht geladen",
        "brightness": "Helligkeit",
        "backlight_colors": "Hintergrundsfarbe",
        "light_on": "Beleuchtung an",
        "black": "Schwarz",
        "red": "Rot",
        "green": "Grün",
        "yellow": "Gelb",
        "blue": "Blau",
        "magenta": "Magenta",
        "cyan": "Cyan",
        "white": "Weiß",
        "random_color": "Zufällige Farbe",
        "custom": "Eigene Auswahl",
        "breathe": "Atmen",
        "cycle": "Kreis",
        "wave": "Welle",
        "dance": "Tanzen",
        "tempo": "Schnell",
        "flash": "Blinken",
        "keyboard_on": "Tastatur beleuchtung an",
        "keyboard_off": "Tastatur beleuchtung aus",
        "left_region": "Linke Tastatur Region",
        "middle_region": "Mittlere Tastatur Region",
        "right_region": "Rechte Tastatur Region",
        "activate_automatic_start": "Automatischer start aktivieren",
        "deactivate_automatic_start": "Automatischer start deaktivieren",
        "set_as_default": "Als Standard setzten",
        "header_mode": "Modus",
        "header_slider": "Tastatur Helligkeit",
        "header_state": "Tastatur Status",
        "header_color": "Tastatur Farben"
    }
}
